{
    "num_boxes": 10,
    "height": 923,
    "width": 1535,
    "patches": [
        {
            "nom": "陽經郑論道亦未爲",
            "points": "1252,104,1299,104,1299,419,1252,419",
            "height": "314",
            "width": "47"
        },
        {
            "nom": "於羊於迎遙之懺乎",
            "points": "1188,107,1235,107,1235,439,1188,439",
            "height": "332",
            "width": "47"
        },
        {
            "nom": "大畧麟戒經文而聖𭓇尤勤平不鐸養幄比",
            "points": "1064,152,1111,152,1111,854,1064,854",
            "height": "702",
            "width": "47"
        },
        {
            "nom": "出詞臣之張與阮直武永議申任忠郭廷黨",
            "points": "930,153,977,153,977,862,930,862",
            "height": "709",
            "width": "47"
        },
        {
            "nom": "𠖤王",
            "points": "685,140,727,140,727,237,685,237",
            "height": "97",
            "width": "42"
        },
        {
            "nom": "脩政立許制禮作策號令文草焕然可近初",
            "points": "559,151,608,151,608,855,559,855",
            "height": "704",
            "width": "49"
        },
        {
            "nom": "帝在藩鄭等驩自發晦及圍過大变群臣等",
            "points": "491,150,542,150,542,858,491,858",
            "height": "707",
            "width": "51"
        },
        {
            "nom": "共情肉相殘致使外人張釁一門兄渠俱波",
            "points": "307,154,350,154,350,860,307,860",
            "height": "705",
            "width": "42"
        },
        {
            "nom": "其禍初帝不以糾佗為楽亦不以時當没故",
            "points": "236,145,302,145,302,863,236,863",
            "height": "718",
            "width": "66"
        },
        {
            "nom": "為憂故一時豪傑莫不推服諳侯驕恣相繕",
            "points": "179,152,227,152,227,859,179,859",
            "height": "707",
            "width": "47"
        }
    ]
}